RPM,MassFlow,Uncertainty
6000,0.956921,0.292454
5000,0.761597,0.191294
4000,0.59762,0.113468
3000,0.43519,0.05306
2000,0.268794,0.043485
1000,0.108475,0.0068961
