RPM,MassFlow,Uncertainty
7000,0.616686,0.13337
6000,0.564051,0.0844574
5000,0.476201,0.179969
4000,0.354699,0.0728891
3000,0.235809,0.0247821
2000,0.148644,0.0177872
